{"properties": [
  {
    "name": "security.user.password",
    "type": "java.lang.String",
    "description": "A description for 'security.user.password'"
  },
  {
    "name": "security.user.name",
    "type": "java.lang.String",
    "description": "A description for 'security.user.name'"
  },
  {
    "name": "spring.boot.client.url",
    "type": "java.lang.String",
    "description": "A description for 'spring.boot.client.url'"
  },
  {
    "name": "spring.boot.admin.username",
    "type": "java.lang.String",
    "description": "A description for 'spring.boot.admin.username'"
  },
  {
    "name": "spring.boot.admin.password",
    "type": "java.lang.String",
    "description": "A description for 'spring.boot.admin.password'"
  },
  {
    "name": "management..security.enabled",
    "type": "java.lang.String",
    "description": "A description for 'management..security.enabled'"
  },
  {
    "name": "security.basic.enabled",
    "type": "java.lang.String",
    "description": "A description for 'security.basic.enabled'"
  }
]}